ASV_id,count_overall,rank_overall,count_ctrl,rank_ctrl,Kingdom,Phylum,Class,Order,Family,uncX_FAM,Genus,Species,Sequence
807907b65b848ad577b1c5adcdde2f43,10945,2,1104,1,Bacteria,Actinobacteriota,Actinobacteria,Micrococcales,Dermabacteraceae,Dermabacteraceae,Brachybacterium,Unclassified,GTCCATGCCGTAAACGTTGGGCACTAGGTGTGGGGGACATTCCACGTTTTCCGCGCCGTAGCTAACGCATTAAGTGCCCCGCCTGGGGAGTACGGCCGCAAGGCTAAAACTCAAAGGAATTGACGGGGGCCCGCACAAGCGGCGGAGCATGCTGATTAATTCGATGCAACGCGAAGAACCTTACCAAGGCTTGACATGGACCGGACGGCTGCAGAAATGTGGCTTTCTTCGGACTGGTTCACAGGTGGTGCATGGTT
9bb82500faec1ffcc457889f46ff5704,1903,13,701,2,Bacteria,Bacteroidota,Bacteroidia,Cytophagales,Amoebophilaceae,Amoebophilaceae,Candidatus_Amoebophilus,Unclassified,GTCCACGCCGTAAACGATGATCACTCGATGTACACGCTAGTCGTGTGTGTCTAAGCAAAAGCATTAAGTGATCCACCTGGGGAGTACGCTCGCAAGAGTGAAACTCAAAGGAATTGACGGGAGTCCGCACAAGCGGTGGAGCATGTGGTTTAATTCGATAATACGCGAGGAACCTTACCTGGGCTCGAATGTCTCTGCTACCTCGAGAAATCGAGGGTTCCTTCGGGACAGAGTACAAGGTGCTGCATGGCT
70865b4d1e53fc49cc86bfc5f436235e,5099,6,622,3,Bacteria,Actinobacteriota,Actinobacteria,Micrococcales,Dermabacteraceae,Dermabacteraceae,Brachybacterium,Unclassified,GTCCATGCCGTAAACGTTGGGCACTAGGTGTGGGGAACATTCCACGTTTTCCGCGCCGTAGCTAACGCATTAAGTGCCCCGCCTGGGGAGTACGGCCGCAAGGCTAAAACTCAAAGGAATTGACGGGGGCCCGCACAAGCGGCGGAGCATGCTGATTAATTCGATGCAACGCGAAGAACCTTACCAAGGCTTGACATGGACCGGACGGCTGCAGAAATGTGGCTTTCTTCGGACTGGTTCACAGGTGGTGCATGGTT
580633a4408fe6c0ef8dcbf124198b03,3106,9,243,4,Bacteria,Proteobacteria,Alphaproteobacteria,Rhodobacterales,Rhodobacteraceae,Rhodobacteraceae,Unclassified,Unclassified,GTCCACACCGTAAACGATGAATGCCAGTCGTCGGGTAGCATGCTATTCGGTGACACACCTAACGGATTAAGCATTCCGCCTGGGGAGTACGGTCGCAAGATTAAAACTCAAAGGAATTGACGGGGGCCCGCACAAGCGGTGGAGCATGTGGTTTAATTCGAAGCAACGCGCAGAACCTTACCAACCCTTGACATCCTGATCGCGGTTACGAGAGATCGTTTCCTTCAGTTCGGCTGGATCAGTGACAGGTGCTGCATGGCT
f0846f8d555c286a5cc42248f5598827,144,92,144,5,Bacteria,Bacteroidota,Bacteroidia,Cytophagales,Amoebophilaceae,Amoebophilaceae,Candidatus_Amoebophilus,uncultured_bacterium,GTCCATGCTGTAAACGATGATCACTCGATATACACGCCTAGCGTGTGTGTCTAAGCGAAAGCGTTAAGTGATCCACCTGGGGAGTACGCGCGCAAGCGTGAAACTCAAAGGAATTGACGGGGGTCCGCACAAGCGGTGGAGCATGTGGTTTAATTCGATGATACGCGAGGAACCTTACCTGGGCTCGAATGCCTCTGCTACCTCGAGAAATCGGGGGTTCCTTCGGGACAGAGTGCAAGGTGCTGCATGGCC
feac5c14a7366972f05fffbe8a62dbc1,180,80,139,6,Bacteria,Actinobacteriota,Actinobacteria,Corynebacteriales,Corynebacteriaceae,Corynebacteriaceae,Corynebacterium,Unclassified,GTCCATGCCGTAAACGGTGGGCGCTAGGTGTGGGTTTCCTTCCACGGGATCCGTGCCGTAGCTAACGCATTAAGCGCCCCGCCTGGGGAGTACGGCCGCAAGGCTAAAACTCAAAGGAATTGACGGGGGCCCGCACAAGCGGCGGAGCATGTGGATTAATTCGATGCAACGCGAAGAACCTTACCTGGGCTTGACATATACAGGATCGCGCCAGAGATGGTGTTTCCCTTGTGGCTTGTATACAGGTGGTGCATGGTT
ac2a0371d73d53321e1685375639d2a3,2623,11,135,7,Bacteria,Proteobacteria,Gammaproteobacteria,Cellvibrionales,Unclassified,unclassif_Cellvibrionales,Unclassified,Unclassified,GTCCACGCCGTAAACGATGTCTACTAGCCGTTGGGGTCCTTGAGACTTTAGTGGCGCAGCTAACGCACTAAGTAGACCGCCTGGGGAGTACGGTCGCAAGATTAAAACTCAAATGAATTGACGGGGGCCCGCACAAGCGGTGGAGCATGTGGTTTAATTCGAAGCAACGCGAAGAACCTTACCAGGTCTTGACATCCTGAGAACTTTCTAGAGATAGATTGGTGCCTTCGGGAACTCAGAGACAGGTGCTGCATGGCT
7dd5551886c7b46e274551f7a8c04e23,2622,12,131,8,Bacteria,Proteobacteria,Gammaproteobacteria,Burkholderiales,Comamonadaceae,Comamonadaceae,Unclassified,Unclassified,GTCCACGCCCTAAACGATGTCAACTGGTTGTTGGGTCTTCACTGACTCAGTAACGAAGCTAACGCGTGAAGTTGACCGCCTGGGGAGTACGGCCGCAAGGTTGAAACTCAAAGGAATTGACGGGGACCCGCACAAGCGGTGGATGATGTGGTTTAATTCGATGCAACGCGAAAAACCTTACCCACCTTTGACATGTACGGAATCCTTTAGAGATAGAGGAGTGCTCGAAAGAGAGCCGTAACACAGGTGCTGCATGGCT
8dcda56fb79df16c4995bc5b5ce6053a,10299,3,124,9,Bacteria,Proteobacteria,Gammaproteobacteria,Pseudomonadales,Moraxellaceae,Moraxellaceae,Acinetobacter,Unclassified,GTCCATGCCGTAAACGATGTCTACTAGCCGTTGGGGCCTTTGAGGCTTTAGTGGCGCAGCTAACGCGATAAGTAGACCGCCTGGGGAGTACGGTCGCAAGACTAAAACTCAAATGAATTGACGGGGGCCCGCACAAGCGGTGGAGCATGTGGTTTAATTCGATGCAACGCGAAGAACCTTACCTGGTCTTGACATAGTAAGAACTTTCCAGAGATGGATTGGTGCCTTCGGGAACTTACATACAGGTGCTGCATGGCT
