Feature,Frequency,Rank,Frequency_C1,Rank_C1,nr_sampls_obsed_in,Sequence,domain,phylum,class,order,family,genus,sp,Confidence,GenBank,Query_cover,Identity,Name,Described_env,Note,,,,Final_decision
807907b65b848ad577b1c5adcdde2f43,10945,2,1104,1,28,GTCCATGCCGTAAACGTTGGGCACTAGGTGTGGGGGACATTCCACGTTTTCCGCGCCGTAGCTAACGCATTAAGTGCCCCGCCTGGGGAGTACGGCCGCAAGGCTAAAACTCAAAGGAATTGACGGGGGCCCGCACAAGCGGCGGAGCATGCTGATTAATTCGATGCAACGCGAAGAACCTTACCAAGGCTTGACATGGACCGGACGGCTGCAGAAATGTGGCTTTCTTCGGACTGGTTCACAGGTGGTGCATGGTT,Bacteria,Actinobacteriota,Actinobacteria,Micrococcales,Dermabacteraceae,Brachybacterium,NA,0.798,MK796066.1,100,100,Brachybacterium alimentarium,"NA, country=""South Korea""","Present in all samples but one. Not marine. Likely a contaminant …
Also: (another) Brachybacterium sp. was considered contaminant by Dube 2021, and its family Dermabacteraceae was removed as contaminants in Maren's q2 script ",REMOVE,,,remove
,,,,,,,,,,,,,,,MH493681.1,100,100,Brachybacterium sp.,cheese (Bosnia and Herzegovina),,,,,
,,,,,,,,,,,,,,,MF092662.1,100,100,Uncultured bacterium ,cheese (Austria),,,,,
9bb82500faec1ffcc457889f46ff5704,1903,13,701,2,6,GTCCACGCCGTAAACGATGATCACTCGATGTACACGCTAGTCGTGTGTGTCTAAGCAAAAGCATTAAGTGATCCACCTGGGGAGTACGCTCGCAAGAGTGAAACTCAAAGGAATTGACGGGAGTCCGCACAAGCGGTGGAGCATGTGGTTTAATTCGATAATACGCGAGGAACCTTACCTGGGCTCGAATGTCTCTGCTACCTCGAGAAATCGAGGGTTCCTTCGGGACAGAGTACAAGGTGCTGCATGGCT,Bacteria,Bacteroidota,Bacteroidia,Cytophagales,Amoebophilaceae,Candidatus_Amoebophilus,NA,1,MT238636.1,100,100,Uncultured bacterium,Fire coral: Dube 2021,"previously found in corals. Almost only in JLU samples, excpet for few reads in one HK sample.","KEEP, yes probably - I googled the family name with 'lab contaminant' and nothing came up. So that is usually a good sign.","If you remove the amoebophilaceae below because it only occurs in the neg control, that is a pretty solid argument to remove it here too…",…on the othter hand this may really be something we only see with the primer set. **Also found several other papers with amoebophilaceae in corals..,KEEP
,,,,,,,,,,,,,,,MK736096.1,100,100,Uncultured bacterium clone Pocillopora_verrucosa,Coral: Ziegler 2019,,,,,
,,,,,,,,,,,,,,,KY454954.1,100,100,Uncultured bacterium,Coral: Ziegler 2016  (Mar. Pollut. Bull.),,,,,
,,,,,,,,,,,,,,,KY373343.1,100,100,Uncultured bacterium,Ziegler 2017 (Nat. Comm.),,,,,
,,,,,,,,,,,,,,,JQ516526.1,100,100,Uncultured Sphingobacteriales,Coral: Montastraea faveolata,,,,,
,,,,,,,,,,,,,,,JQ516454.1,100,100,Uncultured Sphingobacteriales,Coral: Montastraea faveolata,,,,,
70865b4d1e53fc49cc86bfc5f436235e,5099,6,622,3,21,GTCCATGCCGTAAACGTTGGGCACTAGGTGTGGGGAACATTCCACGTTTTCCGCGCCGTAGCTAACGCATTAAGTGCCCCGCCTGGGGAGTACGGCCGCAAGGCTAAAACTCAAAGGAATTGACGGGGGCCCGCACAAGCGGCGGAGCATGCTGATTAATTCGATGCAACGCGAAGAACCTTACCAAGGCTTGACATGGACCGGACGGCTGCAGAAATGTGGCTTTCTTCGGACTGGTTCACAGGTGGTGCATGGTT,Bacteria,Actinobacteriota,Actinobacteria,Micrococcales,Dermabacteraceae,Brachybacterium,NA,0.764,MK796066.1,100,99.61,,same as above (cheese),Same best matches as the first (cheese above). Present in the majority of samples inlc 5 from HK (although just few reads),REMOVE,,,remove
,,,,,,,,,,,,,,,MH493681.1,100,99.61,,same as above (cheese),,,,,
,,,,,,,,,,,,,,,MF092662.1,100,99.61,,same as above (cheese),,,,,
580633a4408fe6c0ef8dcbf124198b03,3106,9,243,4,15,GTCCACACCGTAAACGATGAATGCCAGTCGTCGGGTAGCATGCTATTCGGTGACACACCTAACGGATTAAGCATTCCGCCTGGGGAGTACGGTCGCAAGATTAAAACTCAAAGGAATTGACGGGGGCCCGCACAAGCGGTGGAGCATGTGGTTTAATTCGAAGCAACGCGCAGAACCTTACCAACCCTTGACATCCTGATCGCGGTTACGAGAGATCGTTTCCTTCAGTTCGGCTGGATCAGTGACAGGTGCTGCATGGCT,Bacteria,Proteobacteria,Alphaproteobacteria,Rhodobacterales,Rhodobacteraceae,NA,NA,1,MT459408.1,100,100,Pseudoruegeria sp.,gut of Penaeus vannamei (king prawn),"GenBank matches are from Asia, but it occurs only in 1 sample from HK (few reads) and almost all JLU samples.",KEEP,,,KEEP
,,,,,,,,,,,,,,,MT459413.1,100,100,Pseudoruegeria sp.,gut of Penaeus vannamei (king prawn),,,,,
,,,,,,,,,,,,,,,KX989257.1,100,100,Pseudoruegeria sp.,shallow-sea hydrothermal system in Kueishantao Islet (Taiwan),,,,,
f0846f8d555c286a5cc42248f5598827,144,92,144,5,1,GTCCATGCTGTAAACGATGATCACTCGATATACACGCCTAGCGTGTGTGTCTAAGCGAAAGCGTTAAGTGATCCACCTGGGGAGTACGCGCGCAAGCGTGAAACTCAAAGGAATTGACGGGGGTCCGCACAAGCGGTGGAGCATGTGGTTTAATTCGATGATACGCGAGGAACCTTACCTGGGCTCGAATGCCTCTGCTACCTCGAGAAATCGGGGGTTCCTTCGGGACAGAGTGCAAGGTGCTGCATGGCC,Bacteria,Bacteroidota,Bacteroidia,Cytophagales,Amoebophilaceae,Candidatus_Amoebophilus,uncultured_bacterium,0.912,KY455296.1,100,100,Uncultured bacterium,Coral: Ziegler 2016  (Mar. Pollut. Bull.),Present only in C1 …,REMOVE,,,remove
,,,,,,,,,,,,,,,KY456269.1,100,99.6,Uncultured bacterium,Coral: Ziegler 2017  (Nat. Comm.),,,,,
,,,,,,,,,,,,,,,KY374149.1,100,99.6,Uncultured bacterium,Coral: Ziegler 2016  (Mar. Pollut. Bull.),,,,,
feac5c14a7366972f05fffbe8a62dbc1,180,80,139,6,2,GTCCATGCCGTAAACGGTGGGCGCTAGGTGTGGGTTTCCTTCCACGGGATCCGTGCCGTAGCTAACGCATTAAGCGCCCCGCCTGGGGAGTACGGCCGCAAGGCTAAAACTCAAAGGAATTGACGGGGGCCCGCACAAGCGGCGGAGCATGTGGATTAATTCGATGCAACGCGAAGAACCTTACCTGGGCTTGACATATACAGGATCGCGCCAGAGATGGTGTTTCCCTTGTGGCTTGTATACAGGTGGTGCATGGTT,Bacteria,Actinobacteriota,Actinobacteria,Corynebacteriales,Corynebacteriaceae,Corynebacterium,NA,0.704,MT424972.1,100,100,Bacteria,"NA, but publication: ""Fusion inhibitors as a microbicide for the prevention of HIV"" (CHINA)","Probable contaminant from HK … also, low nr of reads anyways …",REMOVE,,,remove
,,,,,,,,,,,,,,,MT424957.1,100,100,Bacteria,"NA, but publication: ""Fusion inhibitors as a microbicide for the prevention of HIV"" (CHINA)",,,,,
,,,,,,,,,,,,,,,MT424947.1,100,100,Bacteria,"NA, but publication: ""Fusion inhibitors as a microbicide for the prevention of HIV"" (CHINA)",,,,,
ac2a0371d73d53321e1685375639d2a3,2623,11,135,7,9,GTCCACGCCGTAAACGATGTCTACTAGCCGTTGGGGTCCTTGAGACTTTAGTGGCGCAGCTAACGCACTAAGTAGACCGCCTGGGGAGTACGGTCGCAAGATTAAAACTCAAATGAATTGACGGGGGCCCGCACAAGCGGTGGAGCATGTGGTTTAATTCGAAGCAACGCGAAGAACCTTACCAGGTCTTGACATCCTGAGAACTTTCTAGAGATAGATTGGTGCCTTCGGGAACTCAGAGACAGGTGCTGCATGGCT,Bacteria,Proteobacteria,Gammaproteobacteria,Cellvibrionales,NA,NA,NA,0.726,MN908339.1,100,100,Cellvibrionaceae , TITLE     Bacteria from coral reefs (CHINA),"Almost only in JLU samples
Found in corals in other studies",KEEP,,,KEEP
,,,,,,,,,,,,,,,KY373569.1,100,100,Uncultured bacterium,Coral: Ziegler 2017  (Nat. Comm.),,,,,
,,,,,,,,,,,,,,,KP770040.1,100,100,seawater (USA),,,,,,
7dd5551886c7b46e274551f7a8c04e23,2622,12,131,8,19,GTCCACGCCCTAAACGATGTCAACTGGTTGTTGGGTCTTCACTGACTCAGTAACGAAGCTAACGCGTGAAGTTGACCGCCTGGGGAGTACGGCCGCAAGGTTGAAACTCAAAGGAATTGACGGGGACCCGCACAAGCGGTGGATGATGTGGTTTAATTCGATGCAACGCGAAAAACCTTACCCACCTTTGACATGTACGGAATCCTTTAGAGATAGAGGAGTGCTCGAAAGAGAGCCGTAACACAGGTGCTGCATGGCT,Bacteria,Proteobacteria,Gammaproteobacteria,Burkholderiales,Comamonadaceae,NA,NA,1,CP054424.1,100,100,Rhodoferax sp. ,tap water (GERMANY),"Seems like a freshwater bactria so probably a lab contaminant. 
Found in both JLU and HK (more in JLU)",REMOVE,,,remove
,,,,,,,,,,,,,,,MT255182.1,100,100,Acidovorax sp.,sediment lake (CHINA),,,,,
,,,,,,,,,,,,,,,MT255180.1,100,100,Acidovorax sp. ,sediment lake (CHINA),,,,,
8dcda56fb79df16c4995bc5b5ce6053a,10299,3,124,9,15,GTCCATGCCGTAAACGATGTCTACTAGCCGTTGGGGCCTTTGAGGCTTTAGTGGCGCAGCTAACGCGATAAGTAGACCGCCTGGGGAGTACGGTCGCAAGACTAAAACTCAAATGAATTGACGGGGGCCCGCACAAGCGGTGGAGCATGTGGTTTAATTCGATGCAACGCGAAGAACCTTACCTGGTCTTGACATAGTAAGAACTTTCCAGAGATGGATTGGTGCCTTCGGGAACTTACATACAGGTGCTGCATGGCT,Bacteria,Proteobacteria,Gammaproteobacteria,Pseudomonadales,Moraxellaceae,Acinetobacter,NA,1,OL519151.1,100,100,Acinetobacter sp.,activated sludge (CHINA),"pro KEEP: few reads in C1 comapared to coral samples; present in 12 samples % of which with >1000 reads) of JLU and only 2 of HK (~200 reads); 3rd most abundant feature overall therefore removing it will likely affect downstream analysis of diversity and composition.
Also, Acineobacter spp. have been previously found in corals (e.g. after very brief search: Oculina patagonica, P. damicornis, Mussismilia hispida) and was dominant in Cassiopea jellies

pro REMOVE: GenBank matches from non-marine environmets",UNDECIDED,keep!,,KEEP
,,,,,,,,,,,,,,,CP084300.1,100,100,Acinetobacter pseudolwoffii,"""a feces sample of chicken origin"" (CHINA)",,,,,
,,,,,,,,,,,,,,,MW144930.1,100,100,Acinetobacter sp. ,"""paper industry`s waste water"" (Slovenia)",,,,,
