Kingdom,Phylum,Class,Order,Family,uncX_FAM,Genus,Species,Sequence,ASV,ASV_nr,nr_of_samples,nr_of_samples_symb,nr_of_samples_blea,perc_of_samples,perc_of_samples_symb,perc_of_samples_blea,overall_abund,overall_abund_symb,overall_abund_blea,perc_overallabund,perc_overallabund_symb,perc_overallabund_blea
Bacteria,Proteobacteria,Gammaproteobacteria,Alteromonadales,Alteromonadaceae,Alteromonadaceae,Alteromonas,Alteromonas_sp.,GTCCACACCGTAAACGCTGTCTACTAGCTGTGTGTGCCTTTAAGGCGTGCGTAGCGAAGCTAACGCGCTAAGTAGACCGCCTGGGGAGTACGGCCGCAAGGTTAAAACTCAAATGAATTGACGGGGGCCCGCACAAGCGGTGGAGCATGTGGTTTAATTCGATGCAACGCGAAGAACCTTACCTACACTTGACATGCTGAGAAGTTACTAGAGATAGTTTCGTGCCTTCGGGAACTCAGACACAGGTGCTGCATGGCT,ab16548aa6887db45c3b0c3c970c88ba,ASV_003,25,12,13,89.3,85.7,92.9,9281,5989,3292,8.2,10.8,5.8
Bacteria,Proteobacteria,Alphaproteobacteria,Rhodobacterales,Rhodobacteraceae,Rhodobacteraceae,Ruegeria,Unclassified,GTCCACACCGTAAACGATGAATGCCAGTCGTCGGGTAGCATGCTATTCGGTGACACACCTAACGGATTAAGCATTCCGCCTGGGGAGTACGGTCGCAAGATTAAAACTCAAAGGAATTGACGGGGGCCCGCACAAGCGGTGGAGCATGTGGTTTAATTCGAAGCAACGCGCAGAACCTTACCAACCCTTGACATCCTCGGACCGCCAGAGAGATTTGGCTTTCACTTCGGTGACCGAGTGACAGGTGCTGCATGGCT,d28a50830c2b83811311fc42de44e75a,ASV_001,22,11,11,78.6,78.6,78.6,13836,8117,5719,12.3,14.6,10
Bacteria,Proteobacteria,Gammaproteobacteria,Alteromonadales,Alteromonadaceae,Alteromonadaceae,Alteromonas,Alteromonas_sp.,GTCCACACCGTAAACGCTGTCTACTAGCTGTTTGTGAATTTAATTCGTGAGTAGCGAAGCTAACGCGCTAAGTAGACCGCCTGGGGAGTACGGCCGCAAGGTTAAAACTCAAATGAATTGACGGGGGCCCGCACAAGCGGTGGAGCATGTGGTTTAATTCGATGCAACGCGAAGAACCTTACCTACACTTGACATGCAGAGAACTTTCCAGAGATGGATTGGTGCCTTCGGGAACTCTGACACAGGTGCTGCATGGCT,324499b03d46622141270fc634500ef1,ASV_008,20,8,12,71.4,57.1,85.7,2838,1365,1473,2.5,2.5,2.6
Bacteria,Proteobacteria,Alphaproteobacteria,Rhodobacterales,Rhodobacteraceae,Rhodobacteraceae,Nautella,Unclassified,GTCCACACCGTAAACGATGAATGCCAGTCGTCGGCAAGCATGCTTGTCGGTGACACACCTAACGGATTAAGCATTCCGCCTGGGGAGTACGGTCGCAAGATTAAAACTCAAAGGAATTGACGGGGGCCCGCACAAGCGGTGGAGCATGTGGTTTAATTCGAAGCAACGCGCAGAACCTTACCAACCCTTGACATCCTCGGACCGCCAGAGAGATCTGGCTTTCACTTCGGTGACCGAGTGACAGGTGCTGCATGGCT,2acdc3877186ae1317a58cc2548930c0,ASV_005,19,9,10,67.9,64.3,71.4,3883,2888,995,3.4,5.2,1.7
Bacteria,Proteobacteria,Alphaproteobacteria,Rhodobacterales,Rhodobacteraceae,Rhodobacteraceae,Ruegeria,Ruegeria_lacuscaerulensis,GTCCACACCGTAAACGATGAATGCCAGTCGTCGGGTAGCATGCTATTCGGTGACACACCTAACGGATTAAGCATTCCGCCTGGGGAGTACGGTCGCAAGATTAAAACTCAAAGGAATTGACGGGGGCCCGCACAAGCGGTGGAGCATGTGGTTTAATTCGAAGCAACGCGCAGAACCTTACCAACCCTTGACATCCCGGGACCGGTCCAGAGATGGATCTTTCACTTCGGTGACTCGGTGACAGGTGCTGCATGGCT,023bc360f0f48b25606190b1ebca5fa3,ASV_006,19,9,10,67.9,64.3,71.4,3523,1668,1855,3.1,3,3.2
Bacteria,Proteobacteria,Gammaproteobacteria,Unclassified,Unclassified,unclassif_Gammaproteobacteria,Unclassified,Unclassified,GTCCACGCCCTAAACGATGTCAACTAGTCGTTGGAGGAATTTAATCCTTTAGTGACGAAGCTAACGCGATAAGTTGACCGCCTGGGGAGTACGGTCGCAAGATTAAAACTCAAAGGAATTGACGGGGGCCCGCACAAGCGGTGGAGCATGTGGTTTAATTCGATGCAACGCGAAGAACCTTACCAGCCCTTGACATGTAGCGAACTTTCCAGAGATGGATTGGTGCCTTCGGGAACGCTAACACAGGTGCTGCATGGCT,3d34426e6ed68fcc80a4200a50de2fd0,ASV_017,18,8,10,64.3,57.1,71.4,1130,503,627,1,0.9,1.1
Bacteria,Bacteroidota,Bacteroidia,Flavobacteriales,Cryomorphaceae,Cryomorphaceae,uncultured,Unclassified,GTCCACGCTGTAAACGATGATCACTCGCTGTTGGCGATACACTGTCAGTGGCTGAGCGAAAGCATTAAGTGATCCACCTGGGGAGTACGATCGCAAGGTTGAAACTCAAAGGAATTGACGGGGGCCCGCACAAGCGGTGGAGCATGTGGTTTAATTCGATGATACGCGAGGAACCTTACCAGGGCTTAAATGCAGAGTGACAGATTGGGAAACCAGTTTTTCTTCGGACACTCTACAAGGTGCTGCATGGTT,45b85887b17af9fb0d6e6b63aa7206ca,ASV_018,17,8,9,60.7,57.1,64.3,1114,659,455,1,1.2,0.8
Bacteria,Proteobacteria,Alphaproteobacteria,Caulobacterales,Hyphomonadaceae,Hyphomonadaceae,uncultured,Unclassified,GTCCACACCGTAAACGATGAGTGCTAGTTGTCTGCAGGCATGCCTGTAGGTGACGCAGCTAACGCATTAAGCACTCCGCCTGGGGAGTACGGCCGCAAGGTTAAAACTCAAAGAAATTGACGGGGGCCCGCACAAGCGGTGGAGCATGTGGTTTAATTCGAAGCAACGCGCAGAACCTTACCTACGCTTGACATGCCCGGACGATTTCCAGAGATGGATCTCTCCCTTCGGGGCCGGTGCACAGGTGCTGCATGGCT,3a923ceadde4506328d0e352a3027a75,ASV_020,17,6,11,60.7,42.9,78.6,951,174,777,0.8,0.3,1.4
Bacteria,Proteobacteria,Alphaproteobacteria,Micavibrionales,Micavibrionaceae,Micavibrionaceae,uncultured,uncultured_bacterium,GTCCACGCCGTAAACGATGTGTGCTAGCTGTCGGATGTTCAGCATTCGGTGGCGGAGCGAAAGTATTAAGCACACCGCCTGGGGAGTACGGCCGCAAGGTTAAAACTCAAAGGAATTGACGGGGACCCGCACAAGCGGTGGAGCATGTTGTTTAATTCGAAGCAACGCGAAGAACCTTACCCACACTTGACATACCTCTTGGGACTTTCAGAGATGATTGTCTTCGGTTCGGCCGGGGAGTGTACAGGTGCTGCATGGCT,04463c077785387a372e21b3b71602b5,ASV_016,16,9,7,57.1,64.3,50,1150,638,512,1,1.1,0.9
Bacteria,Proteobacteria,Gammaproteobacteria,Burkholderiales,Methylophilaceae,Methylophilaceae,Methylotenera,uncultured_beta,GTCCACGCCCTAAACGATGTCAACTAGTTGTTGGTGGAGTAAAATCCATGAGTAACGTAGCTAACGCGTGAAGTTGACCGCCTGGGGAGTACGGACGCAAGTTTAAAACTCAAATGAATTGACGGGGGCCCGCACAAGCGGTGGATTATGTGGATTAATTCGATGCAACGCGAAAAACCTTACCTGGCCTTGACATGTACGGAACTTTCCAGAGATGGATTGGTGCCTTCGGGAACCGTAACACAGGTGCTGCATGGCT,ea146eaf96617e151b4a66dc9e392a8a,ASV_028,16,8,8,57.1,57.1,57.1,644,286,358,0.6,0.5,0.6
Bacteria,Proteobacteria,Gammaproteobacteria,Oceanospirillales,Saccharospirillaceae,Saccharospirillaceae,Oleibacter,uncultured_bacterium,GTCCACGCCGTAAACGATGTCTACTAGTTGTCGGGGGACTTGATCCTTTGGTAACGAAGCTAACGCGATAAGTAGACCGCCTGGGGAGTACGGCCGCAAGGTTAAAACTCAAATGAATTGACGGGGGCCCGCACAAGCGGTGGAGCATGTGGTTTAATTCGAAGCAACGCGAAGAACCTTACCTACTCTTGACATCCTGCGAACTTGGTAGAGATACCTTGGTGCCTTCGGGAACGCAGTGACAGGTGCTGCATGGCT,37671b879e23f9023da09d7a72f8f25f,ASV_013,15,7,8,53.6,50,57.1,1229,465,764,1.1,0.8,1.3
Bacteria,Proteobacteria,Gammaproteobacteria,Alteromonadales,Colwelliaceae,Colwelliaceae,Unclassified,Unclassified,GTCCACGCCGTAAACGATGTCAACTAGCCGTTTGTGGTTTTAAACCGTGAGTGGCGTAGCTAACGCGCTAAGTTGACCGCCTGGGGAGTACGGTCGCAAGATTAAAACTCAAATGAATTGACGGGGGCCCGCACAAGCGGTGGAGCATGTGGTTTAATTCGATGCAACGCGAAGAACCTTACCATCCCTTGACATCCAGAGAATTTTCTAGAGATAGATTAGTGCCTTCGGGAACTCTGAGACAGGTGCTGCATGGCT,77c09e76ef305909f9683439bd74b6eb,ASV_014,15,6,9,53.6,42.9,64.3,1225,532,693,1.1,1,1.2
Bacteria,Proteobacteria,Gammaproteobacteria,Pseudomonadales,Moraxellaceae,Moraxellaceae,Acinetobacter,Unclassified,GTCCATGCCGTAAACGATGTCTACTAGCCGTTGGGGCCTTTGAGGCTTTAGTGGCGCAGCTAACGCGATAAGTAGACCGCCTGGGGAGTACGGTCGCAAGACTAAAACTCAAATGAATTGACGGGGGCCCGCACAAGCGGTGGAGCATGTGGTTTAATTCGATGCAACGCGAAGAACCTTACCTGGTCTTGACATAGTAAGAACTTTCCAGAGATGGATTGGTGCCTTCGGGAACTTACATACAGGTGCTGCATGGCT,8dcda56fb79df16c4995bc5b5ce6053a,ASV_002,14,5,9,50,35.7,64.3,10175,4594,5581,9,8.3,9.8
Bacteria,Proteobacteria,Alphaproteobacteria,Rhodobacterales,Rhodobacteraceae,Rhodobacteraceae,Unclassified,Unclassified,GTCCACACCGTAAACGATGAATGCCAGTCGTCGGGTAGCATGCTATTCGGTGACACACCTAACGGATTAAGCATTCCGCCTGGGGAGTACGGTCGCAAGATTAAAACTCAAAGGAATTGACGGGGGCCCGCACAAGCGGTGGAGCATGTGGTTTAATTCGAAGCAACGCGCAGAACCTTACCAACCCTTGACATCCTGATCGCGGTTACGAGAGATCGTTTCCTTCAGTTCGGCTGGATCAGTGACAGGTGCTGCATGGCT,580633a4408fe6c0ef8dcbf124198b03,ASV_007,14,5,9,50,35.7,64.3,2863,743,2120,2.5,1.3,3.7
